CREATE DATABASE  IF NOT EXISTS `tripency` /*!40100 DEFAULT CHARACTER SET utf8 */;
USE `tripency`;
-- MySQL dump 10.13  Distrib 5.6.13, for Win32 (x86)
--
-- Host: localhost    Database: tripency
-- ------------------------------------------------------
-- Server version	5.6.17-log

/*!40101 SET @OLD_CHARACTER_SET_CLIENT=@@CHARACTER_SET_CLIENT */;
/*!40101 SET @OLD_CHARACTER_SET_RESULTS=@@CHARACTER_SET_RESULTS */;
/*!40101 SET @OLD_COLLATION_CONNECTION=@@COLLATION_CONNECTION */;
/*!40101 SET NAMES utf8 */;
/*!40103 SET @OLD_TIME_ZONE=@@TIME_ZONE */;
/*!40103 SET TIME_ZONE='+00:00' */;
/*!40014 SET @OLD_UNIQUE_CHECKS=@@UNIQUE_CHECKS, UNIQUE_CHECKS=0 */;
/*!40014 SET @OLD_FOREIGN_KEY_CHECKS=@@FOREIGN_KEY_CHECKS, FOREIGN_KEY_CHECKS=0 */;
/*!40101 SET @OLD_SQL_MODE=@@SQL_MODE, SQL_MODE='NO_AUTO_VALUE_ON_ZERO' */;
/*!40111 SET @OLD_SQL_NOTES=@@SQL_NOTES, SQL_NOTES=0 */;

--
-- Table structure for table `attraction`
--

DROP TABLE IF EXISTS `attraction`;
/*!40101 SET @saved_cs_client     = @@character_set_client */;
/*!40101 SET character_set_client = utf8 */;
CREATE TABLE `attraction` (
  `id` int(11) NOT NULL AUTO_INCREMENT,
  `name` varchar(45) NOT NULL,
  `rating` decimal(3,2) DEFAULT NULL,
  `locationid` int(11) DEFAULT NULL,
  `recommendedTime` int(11) DEFAULT NULL,
  `imgPath` varchar(45) DEFAULT NULL,
  `description` longtext,
  `nearestPublicTrans` varchar(45) DEFAULT NULL,
  `cost` decimal(6,2) DEFAULT NULL,
  `contractNo` varchar(45) DEFAULT NULL,
  `address` varchar(100) DEFAULT NULL,
  `locationLat` varchar(45) DEFAULT NULL,
  `locationLong` varchar(45) DEFAULT NULL,
  PRIMARY KEY (`id`),
  UNIQUE KEY `id_UNIQUE` (`id`)
) ENGINE=InnoDB AUTO_INCREMENT=44 DEFAULT CHARSET=utf8;
/*!40101 SET character_set_client = @saved_cs_client */;

--
-- Dumping data for table `attraction`
--

LOCK TABLES `attraction` WRITE;
/*!40000 ALTER TABLE `attraction` DISABLE KEYS */;
INSERT INTO `attraction` VALUES (1,'Charles Dickens Museum',NULL,1,45,'charles.jpg','The Charles Dickens Museum in London holds the world’s most important collection of material relating to the great novelist and social campaigner. A Georgian terraced house in Bloomsbury, the Museum attracts visitors from around the world. The rare books, paintings, photographs and memorabilia on display here give a unique insight into the life and work of the author.','Russell Square (Piccadilly Line)',5.00,'44 20 7405 2127','48 Doughty St, Bloomsbury','51.523921','-0.116902'),(2,'Monument',NULL,1,45,'monument','The Monument stands at the junction of Monument Street and Fish Street Hill in the City of London. It was built between 1671 and 1677 to commemorate the Great Fire of London and to celebrate the rebuilding of the City. Doric column in the antique tradition. It features a column containing a cantilevered stone staircase of 311 steps leading to a viewing platform. This was surmounted by a drum and a copper urn from which flames emerged, symbolizing the Great Fire. The Monument, as it came to be called, is 61 metres high (202 feet) – the exact distance between it and the site in Pudding Lane where the fire began.','Monument',3.00,'44 20 7626 2717','Monument Street and Fish Street Hill','51.51013','-0.086001'),(3,'St Paul\'s Cathedral',NULL,1,90,'stpauls','St Paul\'s Cathedral occupies a significant place in the national identity of the English population. The cathedral is one of the most famous and most recognisable sights of London, with its dome, framed by the spires of Wren\'s City churches, dominating the skyline for 300 years. At 365 feet (111 m) high, it was the tallest building in London from 1710 to 1962, and its dome is also among the highest in the world. In terms of area, St Paul\'s is the second largest church building in the United Kingdom after Liverpool Cathedral.','St Pauls',16.00,'44 20 7246 8357','Ludgate Hil','51.513611','-0.098056'),(4,'Tower Bridge',NULL,1,45,'bridge','Tower Bridge is an combined bascule and suspension bridge in London which crosses the River Thames. It is a magnificent 19th century bridge, decorated with high towers and featuring a drawbridge. It is close to the Tower of London, from which it takes its name, and has become an iconic symbol of London. It is a grade I listed structure and has a exhibit located in one of the towers detailing its history.','Tower Bridge',6.00,'44 20 7403 3761','Tower Bridge Road','51.505556','-0.075556'),(5,'Tower of London',NULL,1,180,'tower','Founded by William the Conqueror in 1066, and enlarged and modified by successive sovereigns, the Tower is today one of the world\'s most famous and spectacular fortresses. Discover its 900-year history as a royal palace and fortress, prison and place of execution, mint, arsenal, menagerie and jewel house. In the winter you can skate on the dry moat. The Tower contains enough buildings and exhibits to keep a family busy for a full day, with plenty of both warlike and domestic contents. Beefeaters, who are all retired sergeant majors from the British Army, provide guided tours for free as well as ceremonial security. See history come alive - go to the Ceremony of the Keys at the Tower of London. This ceremony, the locking up of the Tower, has been performed every night at 10PM for 800 years. ','Tower Hill',14.50,'44 8444 827777','London Borough of Tower Hamlets,','51.508056','-0.076111'),(6,'Museum of London',NULL,1,75,'londonmuseum',' Established in 1975, the Museum of London explores the various threads of London\'s archaeology, history and culture throughout its more than 2,000 year old existence. Free and, like the city, endlessly fascinating! (The Museum now also has an offshoot in East End. Cafe, gift shop and disabled access. ','Barbarican',0.00,'44 870 444 3852','London Wall St','51.517706','-0.096808'),(7,'Barbican Centre',NULL,1,60,'barbican','The Barbican Centre is a performing arts centre in the City of London and the largest of its kind in Europe.[1] The centre hosts classical and contemporary music concerts, theatre performances, film screenings and art exhibitions. It also houses a library, three restaurants, and a conservatory. The London Symphony Orchestra and the BBC Symphony Orchestra are based in the Barbican Centre\'s concert hall. In 2013, it became the London-based venue of the Royal Shakespeare Company.','Barbican',0.00,'44 20 7638 4141','Silk St','51.5202','-0.095'),(8,'Covent Garden Piazza and Central Market',NULL,1,60,'covent',' Covent Garden is a covered shopping mall with shops predominantly selling clothing, but also gifts and cosmetics. There is a popular pub, The Punch and Judy Tavern at the western end, with a large balcony overlooking a square where street entertainers perform. At the eastern end, the corresponding balcony is occupied by Chez Gerard, a restaurant selling relatively-expensive but good continental cuisine. In the central area of Covent Garden is The Apple Market, a small market of handicraft stalls (Tuesday-Sunday) or antiques stalls (Monday), 10:30-19:30. Most shops are open 10:00-19:00 daily, but may close earlier on Sundays. Classical musicians will often busk in the lower level of Covent Garden, including extremely talented opera singers','Covent Garden',0.00,'n/a','Between St Martin\'s Lane & Drury Lane','51.51197','-0.1228'),(9,'London Transport Museum',NULL,1,60,'transportmuseum',' As the name suggests, dedicated to the history of transport in London, past, present and future, old buses and tubes feature in a big way.','Covent Garden',15.00,'44 20 7565 7299','Covent Garden Piazza','51.511944','-0.121667'),(10,'Buildings of High Holborn',NULL,1,30,'holburn',' See the rare range of Tudor half-timbered buildings while opposite is a magnificent marble courtyard building which stands on the site of the former Staple Inn. One of Charles Dickens\'s homes was on the site','Holborn',0.00,'n/a','High Holborn','51.51766','-0.11983'),(11,'The Honorable Society of Lincoln\'s Inn',NULL,1,30,'lincoln','This one the of the four societies of the bar. The wonderful old buildings here are arranged around the open spaces of Lincoln\'s Inn Fields and a walk around this area will give any visitor a real sense of the history and grand traditions of the legal profession in London.','Holborn',0.00,'44 20 7405 1393','Lincoln\'s Inn Fields','51.517125','-0.114578'),(12,'Royal Courts of Justice',NULL,1,30,'justice','The building holds the High Court and the Court of Appeal, two of the highest courts in the United Kingdom, though only civil cases are heard here. Trials are open to the public, but tourists would probably be more interested in seeing the impressive entrance hall, and admiring the stunning Victorian Gothic exterior','Holborn',0.00,'44 845 4568770','Strand ','51.513611','-0.113333'),(13,'Somerset House',NULL,1,120,'somerset',' Somerset House is home to three art galleries: The exceptional Courtauld Institute displays a collection of 19th and 20th century art, including well-known works by Degas, Matisse and Kandinsky; The Gilbert Collection presents a collection of decorative art; and The Hermitage Rooms, the most recent addition to Somerset House, hosts temporary exhibitions of works on loan from the Hermitage Museum in Saint Petersburg. The central courtyard is filled with fountains in the Summer, but in the Winter, an ice rink is installed, it is very popular, so visitors should book in advance, or expect to wait a long time to skate.','Charing Cross',5.00,'44 20 7845 4600','Strand ','51.511028','-0.117194'),(14,'National Gallery',NULL,1,180,'nationalgallery','Houses the British national collection of western European art dating from the 13th to 19th centuries. A truly awe-inspiring collection, notable works include Hans Holbein\'s The Ambassadors, Van Gogh\'s Sunflowers and Constable\'s The Haywain. The vast majority of art is free of charge to visit. Temporary exhibitions are generally fairly costly, but invariably well researched and presented. The audioguides are very comprehensive, have comments on most of the paintings in the museum, and are free though this fact is not advertised. A donation is suggested. In addition to courses, workshops, lectures and other events, the National Gallery has free talks and tours every day. ','Charing Cross',0.00,'44 20 7747 2885','Trafalgar Sq','51.5086','-0.1283'),(15,'National Portrait Gallery',NULL,1,120,'portrait','The National Portrait Gallery is just around the corner from the National Gallery and is an entertaining way to learn about British history since the Tudors. Visitors walk around the gallery chronologically, viewing portraits of notable figures from British history - from Henry VII, painted by Hans Holbein, to Blur.','Charing Cross',0.00,'44 20 7306 0055','St Martin’s Pl','51.509369','-0.127733'),(16,'Piccadilly Circus',NULL,1,30,'piccadilly','. At the junction of five major roads, Piccadilly Circus is the home of the famous aluminum statue of Anteros, which sits atop a fountain. The north side of Piccadilly Circus holds an enormous display board of electric advertisements, including Britain\'s biggest illuminated display (the widest in the world), advertising a popular soft drink','Piccadilly Circus',0.00,'n/a','Piccadilly Circus','51.51','-0.134444'),(17,'Trafalgar Square',NULL,1,45,'trafalgar','The main, central square of London, Trafalgar Square is associated with celebration and demonstration - it is the site of London\'s lacklustre New Year celebrations, and in 2003 was the site of the triumphant homecoming of the British Rugby team from the World Cup, and a centre for demonstration against Britain\'s involvement in the Iraq War. In recent years, the square has been associated with the many hundreds of pigeons that used to be found here, but London\'s Mayor Ken Livingstone passed a bylaw in 2003 making it illegal to feed them. Nelson\'s Column, surrounded by the four bronze lions can be found here, on the south side of the square. The north-west plinth in the square has been vacant since 1841, and controversial contemporary sculpture has been displayed here in recent years','Charing Cross',0.00,'n/a','Trafalgar Sq','51.508056','-0.128056'),(18,'Regent\'s Park',NULL,1,90,'regents','Large open space very popular with Londoners and less visited by tourists than the other great city parks. A number of lovely lakes, an open air theatre, regular puppet shows, various sporting activities and some splendid ancient trees. There is also a cafe and play area next to the boating pond','Baker St or Regent\'s Pk',0.00,'n/a','City of Westminster / Borough of Camden','51.532222','-0.156667'),(19,'Madame Tussauds',NULL,1,120,'madam','Madame Tussaud\'s is a world famous waxwork museum, best known for its Grand Hall, with a collection of international royalty, statesmen and world leaders. Visitors generally report that the entrance fee does not warrant the selection of waxworks on show, which rarely resemble the celebrities. Also, there is usually a long queue stretching down the road','Baker St',20.00,'0871 894 3000','Marylebone Rd','51.522778','-0.155278'),(20,'Sherlock Holmes Museum',NULL,1,45,'sherlock','Discover mementos of this famous fictional detective. The Georgian town house which the museum occupies as \"221B Baker Street\" was formerly used as a boarding house from 1860 to 1936, and covers the period of 1881 to 1904 when Sherlock Holmes and Doctor Watson were reported to have resided there as tenants of Mrs Hudson. The museum is run by the Sherlock Holmes Society of England, a non-profit organisation.','Baker St',6.00,'44 20 7935 8866','239 Baker St','51.5237','-0.1585'),(21,'Oxford St',NULL,1,180,'oxford','Oxford Street is a major road in the City of Westminster in the West End of London. It is Europe\'s busiest shopping street, and as of 2011 had approximately 300 shops including the world famous Selfridges','Oxford Circus',0.00,'n/a','City of Westminster','51.513611','-0.155556'),(22,'Kensington Palace',NULL,1,90,'kinsington',' A royal residence which is still used by some members of the ruling family. Much of it is however open to the public and it is a very popular tourist attraction perhaps due as much to its association with Princess Diana as anything else. The King\'s Gallery here is a magnificent Regency period court drawing room and contains some impressive paintings including a Van Dyk. Also a nice restaurant on site called The Orangery.','Queensway',12.50,'44 20 3166 6000','Palace Green','51.505278','-0.188333'),(23,'Museum of Brands, Packaging and Advertising',NULL,1,60,'brands','Tucked away in a side street in Notting Hill, this museum, which emigrated from Gloucester in 2005, displays the history of consumer brands from the early 19th century to the present day. Make a tour and see what yesterday\'s Heinz Baked Beans or Toblerone looked like. There is a cafe too','Ladbroke Grove',6.50,'44 20 7908 0880','2 Colville Mews, Notting Hill','51.515208','-0.201481'),(24,'Abbey Road Studios',NULL,1,30,'abbey','A world famous recording studio which is closed to the public but provide a perfect photo opportunity to recreate the famous Beatles album cover for music fans.','St John\'s Wood ',0.00,'44 20 7266 7000','3 Abbey Rd','51.531925','-0.178353'),(25,'London Eye',NULL,1,90,'eye','An enormous, 135 metre-high observation wheel with 32 exterior glass-walled capsules. It offers incomparable views over central London and up to 40 km (25 mi) away on a good day. Tickets are sold for specific times, so if visitors wish to go on the London Eye at a specific time, they are strongly advised to book in advance, particularly in the summer.','Westminster',15.17,'44 870 990 8883','Westminster Bridge Rd','51.5033','-0.1197'),(26,'Southbank Centre',NULL,1,60,'southbank',' Presents a varied programme of music, literature, dance, performances and exhibitions on contemporary art and culture at its venues the Royal Festival Hall, Queen Elizabeth Hall and The Hayward. A host of new eateries and shops have now opened along the riverside and terrace. There\'s also some food stands inside and the centre\'s shop. Free Wi-Fi inside the building (although it does get \"crowded\" at times). The Royal Festival Hall hosts almost daily classical music concerts throughout the year, tickets often available on the day. The Royal Festival Hall has recently been through a long redevelopment though still holds its classic 1960s design.','Embankment',0.00,'44 871 663 2501',' Belvedere Rd','51.505711','-0.116761'),(27,'BFI IMAX Cinema',NULL,1,120,'bfi','Set back from the riverside is the BFI IMAX, the largest cinema screen in the UK at 26m wide, 20m high. Shows family friendly 3D IMAX films as well as action films which work well on the huge screen','Waterloo',17.90,'44 0870 787 2525','1 Charlie Chaplin Walk','51.505','-0.113611'),(28,'Notting Hill',NULL,1,120,'notting','Notting Hill is a popular destination for its lively market, gorgeous streetscapes, interesting history and diverse population. It has acheived a level of fame from the eponymously named Hugh Grant film (he actually does live here!), the world famous Portobello Road market and of course from the annual carnival. ','Notting Hill Gate',0.00,'n/a','West London','51.509','-0.197'),(29,'HMS Belfast',NULL,1,45,'belfast','A historic boat, part of the Imperial War Museum.','London Bridge',10.30,'44 20 7940 6300','Morgan\'s Ln','51.506667','-0.081389'),(30,'Tate Modern',NULL,1,120,'tatemodern','An enormous art gallery converted from the former Bankside Power Station, a visit to Tate Modern could easily take half a day. The gallery collects together contemporary and modern art from around the world, arranged thematically. The most stunning aspect of the building, is the enormous Turbine Hall, which plays host to a single piece of work commissioned for the space each year.','Southwark',0.00,'44 20 7887 8888','Bankside ','51.507905','-0.099352'),(31,'Hay\'s Galleria',NULL,1,60,'hays','a major riverside tourist attraction on the Jubilee Walk. Originally a warehouse and associated wharf (Hay\'s Wharf\') for the port of London, it was redeveloped as a visitor attraction in the 1950s, and has lots of boutique shops.','London Bridge',0.00,'44 20 7403 3583','1 Battle Bridge Ln','51.5058','-0.0837'),(32,'Sea Life London Aquarium',NULL,1,90,'sea','One of the largest aquariums in Europe, it boasts a collection of 350 species of fish, from sharks to stingrays','Westminster',13.25,'44 20 7967 8000','County Hall, Belvedere Rd','51.501944','-0.118889'),(33,'Science Museum',NULL,1,180,'science','Dedicated to scientific exhibitions and collections bar those related to the life sciences. A number of famous historical machines and inventions are housed here including Stephenson\'s Rocket. The space exhibits are especially popular. Exhibitions tend to concentrate on explaining scientific principles with working models and there is a strong emphasis on education and attracting children. This includes their very popular Science Nights whereby children spend an evening learning principles and participating in experiments before spending the night sleeping in the museum with the exhibits. Also houses a vast library of scientific and medical books and journals','South Kensington',0.00,'44 870 870 4868','Exhibition Road','51.4975','-0.174722'),(34,'Natural History Museum',NULL,1,180,'natural',' Probably the most popular of all the museums in the area and a must see for many visitors to London. Home to no less than 70 million specimens from across all the life sciences. Especially popular are the dinosaur exhibits, the Darwin Centre and the studio dedicated to BBC wildlife personality extraordinaire, David Attenborough. In the 1980s, the Geological Museum was absorbed but is still in a separate building with a separate entrance.','South Kensington',0.00,'44 20 7942 5000','Cromwell Road','51.495983','-0.176372'),(35,'The Geological Museum',NULL,1,90,'geo','This venerable old institution was absorbed by the neighbouring Natural History Museum in 1985 but still has something of a separate identity. Unsurprisingly, devoted to all things geological with especially popular exhibits on vulcanology and earthquakes and fossils of all types. Very popular with kids and often under-rated.','South Kensington',0.00,'44 20 7942 5000','Cromwell Road','51.495983','-0.176372'),(36,'Cabinet War Rooms and Churchill Museum',NULL,1,90,'war',' A branch of the Imperial War Museum, the Cabinet War Rooms preserves the underground corridors and rooms from which Churchill and the cabinet directed the war against Hitler and the Nazis, maintained almost exactly as they were left in 1945. Newly-opened in 2004, the attached Churchill Museum is the world\'s first permanent museum dedicated to the life and wartime achievements of Sir Winston Churchill.','Westminster',17.00,'44 20 7930 6961','King Charles St','51.502083','-0.129028'),(37,'Downing Street',NULL,1,15,'downing','Closed to the public. Site of the London residences for the Prime Minister (No. 10) and the Chancellor (No. 11) but offers photo opportunies from the gates.','Westminster',0.00,'n/a','Whitehall','51.503396','-0.12764'),(38,'Westminster Abbey',NULL,1,90,'westminsterabbey','A large, mainly Gothic, church in the City of Westminster, London, located just to the west of the Palace of Westminster. It is one of the most notable religious buildings in the United Kingdom and has been the traditional place of coronation and burial site for English and, later, British monarchs. The abbey is a Royal Peculiar and between 1540 and 1550 had the status of a cathedral; however, the church is no longer an abbey nor cathedral.','Westminster',12.00,'44 20 7654 4900','City of Westminster','51.499444','-0.1275'),(39,'Palace of Westminster',NULL,1,120,'houses','The Palace of Westminster (more widely known as the Houses of Parliament) is the seat of Parliament in the United Kingdom. It\'s often termed the \"Mother of All Parliaments\" - an exaggeration, but perhaps only a slight one. The present building largely dates from the 19th century when it was rebuilt following a fire in a splendid example of Victorian neo-Gothic architecture. The House of Commons (elected Members of Parliament or MPs) is located to the north of the building and is decorated with green leather upholstery, and the House of Lords (unelected Lords) is located to the south and decorated with red leather upholstery. It houses the iconic Big Ben clocktower','Westminster',15.00,'44 20 7219 3000','City of Westminster','51.499167','-0.124722'),(40,'Buckingham Palace',NULL,1,45,'buckingham','The main residence of Her Majesty Queen Elizabeth II. Each morning between May and July at 11:30 the guard changes outside Buckingham Palace. The rest of the year, the guard changes on alternate days, weather permitting. A board is placed outside the palace in the morning to say whether the Changing of the Guard ceremony will take place or not. There is no charge to view the Changing of the Guard - simply turn up and stand at the fence in front of the Palace, but it is worth getting there early to ensure a good view, particularly when the weather is fine','St James\'s',0.00,'44 20 7930 4832','The Mall','51.501','-0.142'),(41,'Tate Britain',NULL,1,120,'tate','This gallery houses the Tate collection of British art from 1500 through to contemporary art. A side wing collects together the gallery\'s collection of paintings by Turner, including some stunning seascapes. Temporary exhibitions are exceedingly varied - recent examples include exhibitions of Turner\'s paintings of Venice and the work of photographer Wolfgang Tillmans. The best known exhibition is the Turner Prize, consists of works by four artists shortlisted for the annual contemporary art prize, which runs from late October to January each year','Pimlico',0.00,'44 20 7887 8888','Millbank ','51.490833','-0.127222'),(42,'Harrods',NULL,1,120,'harrods','Shop the world\'s most famous department store online with instant access to the latest men\'s and women\'s fashion, accessories, gifts and food','Knightsbridge',0.00,'44 20 7730 1234','Brompton Road','51.499722','-0.163611'),(43,'Hamleys',NULL,1,90,'hamleys','Hamleys is the oldest and largest toy shop in the world and one of the world\'s best-known retailers of toys. Founded by William Hamley as \"Noah\'s Ark\" in High Holborn, London, in 1760, it moved to Regent Street in 1881.','Oxford Circus',0.00,'0800 280 2444','Regent Street','51.5128','-0.1402');
/*!40000 ALTER TABLE `attraction` ENABLE KEYS */;
UNLOCK TABLES;

--
-- Table structure for table `country`
--

DROP TABLE IF EXISTS `country`;
/*!40101 SET @saved_cs_client     = @@character_set_client */;
/*!40101 SET character_set_client = utf8 */;
CREATE TABLE `country` (
  `id` int(11) NOT NULL AUTO_INCREMENT,
  `name` varchar(45) NOT NULL,
  PRIMARY KEY (`id`),
  UNIQUE KEY `id_UNIQUE` (`id`)
) ENGINE=InnoDB AUTO_INCREMENT=6 DEFAULT CHARSET=utf8;
/*!40101 SET character_set_client = @saved_cs_client */;

--
-- Dumping data for table `country`
--

LOCK TABLES `country` WRITE;
/*!40000 ALTER TABLE `country` DISABLE KEYS */;
INSERT INTO `country` VALUES (1,'UK'),(2,'France'),(3,'France'),(4,'France'),(5,'France');
/*!40000 ALTER TABLE `country` ENABLE KEYS */;
UNLOCK TABLES;

--
-- Table structure for table `location`
--

DROP TABLE IF EXISTS `location`;
/*!40101 SET @saved_cs_client     = @@character_set_client */;
/*!40101 SET character_set_client = utf8 */;
CREATE TABLE `location` (
  `id` int(11) NOT NULL AUTO_INCREMENT,
  `name` varchar(45) NOT NULL,
  `countryid` int(11) DEFAULT NULL,
  PRIMARY KEY (`id`),
  UNIQUE KEY `id_UNIQUE` (`id`)
) ENGINE=InnoDB AUTO_INCREMENT=9 DEFAULT CHARSET=utf8;
/*!40101 SET character_set_client = @saved_cs_client */;

--
-- Dumping data for table `location`
--

LOCK TABLES `location` WRITE;
/*!40000 ALTER TABLE `location` DISABLE KEYS */;
INSERT INTO `location` VALUES (1,'London',1),(2,'Paris',2),(3,'Nice',2),(4,'Liverpool',1),(5,'Edinburgh',1),(6,'Edinburgh',1),(7,'Edinburgh',1),(8,'Edinburgh',1);
/*!40000 ALTER TABLE `location` ENABLE KEYS */;
UNLOCK TABLES;

--
-- Table structure for table `theme`
--

DROP TABLE IF EXISTS `theme`;
/*!40101 SET @saved_cs_client     = @@character_set_client */;
/*!40101 SET character_set_client = utf8 */;
CREATE TABLE `theme` (
  `id` int(11) NOT NULL AUTO_INCREMENT,
  `name` varchar(45) DEFAULT NULL,
  PRIMARY KEY (`id`),
  UNIQUE KEY `id_UNIQUE` (`id`)
) ENGINE=InnoDB AUTO_INCREMENT=16 DEFAULT CHARSET=utf8;
/*!40101 SET character_set_client = @saved_cs_client */;

--
-- Dumping data for table `theme`
--

LOCK TABLES `theme` WRITE;
/*!40000 ALTER TABLE `theme` DISABLE KEYS */;
INSERT INTO `theme` VALUES (1,'History'),(2,'Architecture'),(3,'City Walks'),(4,'Art'),(5,'Music'),(6,'Must See'),(7,'Panoramic Views'),(8,'Local Experiences'),(10,'Shopping'),(11,'Hidden Gems'),(12,'Enjoyable For Children');
/*!40000 ALTER TABLE `theme` ENABLE KEYS */;
UNLOCK TABLES;

--
-- Table structure for table `themeweight`
--

DROP TABLE IF EXISTS `themeweight`;
/*!40101 SET @saved_cs_client     = @@character_set_client */;
/*!40101 SET character_set_client = utf8 */;
CREATE TABLE `themeweight` (
  `id` int(11) NOT NULL AUTO_INCREMENT,
  `attractionid` int(11) DEFAULT NULL,
  `themeid` int(11) DEFAULT NULL,
  `weighting` float DEFAULT NULL,
  PRIMARY KEY (`id`),
  UNIQUE KEY `id_UNIQUE` (`id`)
) ENGINE=InnoDB AUTO_INCREMENT=474 DEFAULT CHARSET=utf8;
/*!40101 SET character_set_client = @saved_cs_client */;

--
-- Dumping data for table `themeweight`
--

LOCK TABLES `themeweight` WRITE;
/*!40000 ALTER TABLE `themeweight` DISABLE KEYS */;
INSERT INTO `themeweight` VALUES (1,1,1,4.1),(2,1,2,1.9),(3,1,3,0.3),(4,1,4,2.7),(5,1,5,0.4),(6,1,6,1.3),(7,1,7,0.2),(8,1,8,3.2),(9,1,10,0.2),(10,1,11,4.4),(11,1,12,1.3),(12,2,1,4.7),(13,2,2,3.9),(14,2,3,1.5),(15,2,4,0.9),(16,2,5,0.5),(17,2,6,3.9),(18,2,7,4.7),(19,2,8,3.7),(20,2,10,0.2),(21,2,11,3.7),(22,2,12,3.1),(23,3,1,4.9),(24,3,2,4.9),(25,3,3,3.2),(26,3,4,4.1),(27,3,5,1.1),(28,3,6,4.9),(29,3,7,4.8),(30,3,8,4.7),(31,3,10,1.1),(32,3,11,0.1),(33,3,12,2.9),(34,4,1,4.9),(35,4,2,4.8),(36,4,3,3.8),(37,4,4,2.2),(38,4,5,0.2),(39,4,6,4.9),(40,4,7,4.1),(41,4,8,4.6),(42,4,10,0.2),(43,4,11,0.1),(44,4,12,4.3),(45,5,1,4.9),(46,5,2,4.8),(47,5,3,3.9),(48,5,4,3.2),(49,5,5,0.3),(50,5,6,4.9),(51,5,7,3),(52,5,8,4.8),(53,5,10,0.2),(54,5,11,0.1),(55,5,12,4.5),(56,6,1,4.7),(57,6,2,1.9),(58,6,3,1.2),(59,6,4,2.1),(60,6,5,1.7),(61,6,6,3.1),(62,6,7,0.3),(63,6,8,4.7),(64,6,10,0.4),(65,6,11,4.3),(66,6,12,3.9),(67,7,1,2.4),(68,7,2,3.2),(69,7,3,1.8),(70,7,4,4.2),(71,7,5,4.7),(72,7,6,2.1),(73,7,7,0.2),(74,7,8,4.6),(75,7,10,2.6),(76,7,11,3.9),(77,7,12,3.7),(78,8,1,2.2),(79,8,2,3.3),(80,8,3,4.7),(81,8,4,3.6),(82,8,5,4.6),(83,8,6,4.3),(84,8,7,0.4),(85,8,8,4.9),(86,8,10,4.6),(87,8,11,3.6),(88,8,12,3.9),(89,9,1,4.6),(90,9,2,1.4),(91,9,3,1.1),(92,9,4,2.1),(93,9,5,0.2),(94,9,6,3.7),(95,9,7,0.1),(96,9,8,4.6),(97,9,10,0.3),(98,9,11,3.8),(99,9,12,3.7),(100,10,1,4.4),(101,10,2,4.8),(102,10,3,4.3),(103,10,4,3.4),(104,10,5,0.2),(105,10,6,1.1),(106,10,7,0.4),(107,10,8,4.1),(108,10,10,0.4),(109,10,11,4.5),(110,10,12,0.9),(111,11,1,4.4),(112,11,2,4.6),(113,11,3,4.1),(114,11,4,3.3),(115,11,5,0.1),(116,11,6,0.7),(117,11,7,0.1),(118,11,8,4.25),(119,11,10,0.35),(120,11,11,4.6),(121,11,12,0.8),(122,12,1,4.4),(123,12,2,4.2),(124,12,3,3.2),(125,12,4,3.2),(126,12,5,0.1),(127,12,6,0.9),(128,12,7,0.1),(129,12,8,3.6),(130,12,10,0.9),(131,12,11,4.1),(132,12,12,0.2),(133,13,1,4.2),(134,13,2,3.4),(135,13,3,2.4),(136,13,4,4.8),(137,13,5,0.2),(138,13,6,3.5),(139,13,7,0.2),(140,13,8,3.2),(141,13,10,0.8),(142,13,11,4.5),(143,13,12,1.1),(144,14,1,4.6),(145,14,2,4.4),(146,14,3,1.35),(147,14,4,4.9),(148,14,5,0.3),(149,14,6,4.2),(150,14,7,3.2),(151,14,8,3.1),(152,14,10,1.2),(153,14,11,1.9),(154,14,12,1.1),(155,15,1,4.7),(156,15,2,3),(157,15,3,1.3),(158,15,4,4.85),(159,15,5,1.9),(160,15,6,4.4),(161,15,7,0.2),(162,15,8,3.6),(163,15,10,1.4),(164,15,11,4.2),(165,15,12,1.9),(166,16,1,3.7),(167,16,2,3.6),(168,16,3,4.7),(169,16,4,1.6),(170,16,5,1.4),(171,16,6,4.7),(172,16,7,2.7),(173,16,8,4.75),(174,16,10,4.3),(175,16,11,0.9),(176,16,12,1.8),(177,17,1,4.7),(178,17,2,3.7),(179,17,3,4.8),(180,17,4,1.7),(181,17,5,1.5),(182,17,6,4.8),(183,17,7,3.4),(184,17,8,4.82),(185,17,10,2.9),(186,17,11,0.1),(187,17,12,2.9),(188,18,1,3.2),(189,18,2,0.9),(190,18,3,4.6),(191,18,4,0.8),(192,18,5,0.9),(193,18,6,3.8),(194,18,7,2.9),(195,18,8,4.1),(196,18,10,0.4),(197,18,11,4.3),(198,18,12,3.5),(199,19,1,4.1),(200,19,2,1.8),(201,19,3,0.8),(202,19,4,3.8),(203,19,5,0.2),(204,19,6,4),(205,19,7,0.2),(206,19,8,3.8),(207,19,10,2.4),(208,19,11,0.9),(209,19,12,4.8),(210,20,1,4.4),(211,20,2,3.2),(212,20,3,1.2),(213,20,4,1.8),(214,20,5,0.2),(215,20,6,3.6),(216,20,7,0.1),(217,20,8,3.5),(218,20,10,1.4),(219,20,11,3.1),(220,20,12,3.7),(221,21,1,3.2),(222,21,2,3.7),(223,21,3,4.7),(224,21,4,0.4),(225,21,5,2.4),(226,21,6,3.9),(227,21,7,0.9),(228,21,8,4.3),(229,21,10,4.9),(230,21,11,0.8),(231,21,12,2.4),(232,22,1,3.8),(233,22,2,4.2),(234,22,3,3.6),(235,22,4,3.9),(236,22,5,0.2),(237,22,6,2.9),(238,22,7,2.8),(239,22,8,2.5),(240,22,10,0.8),(241,22,11,2.7),(242,22,12,2.1),(243,23,1,4.8),(244,23,2,1.2),(245,23,3,1.1),(246,23,4,4.7),(247,23,5,1.6),(248,23,6,1.4),(249,23,7,0.2),(250,23,8,1.4),(251,23,10,0.2),(252,23,11,4.7),(253,23,12,1.9),(254,24,1,3.8),(255,24,2,2.9),(256,24,3,3.6),(257,24,4,1.4),(258,24,5,4.8),(259,24,6,2.1),(260,24,7,0.2),(261,24,8,3.4),(262,24,10,0.8),(263,24,11,2.1),(264,24,12,0.4),(265,25,1,2.7),(266,25,2,4),(267,25,3,4.6),(268,25,4,0.4),(269,25,5,0.9),(270,25,6,4.95),(271,25,7,4.95),(272,25,8,4.46),(273,25,10,1.8),(274,25,11,0.1),(275,25,12,4.7),(276,26,1,2.2),(277,26,2,3),(278,26,3,4.4),(279,26,4,2.4),(280,26,5,4.1),(281,26,6,2.7),(282,26,7,0.4),(283,26,8,4.25),(284,26,10,3.4),(285,26,11,3.6),(286,26,12,2.4),(287,27,1,1.8),(288,27,2,3.5),(289,27,3,2.4),(290,27,4,3),(291,27,5,3.8),(292,27,6,2.8),(293,27,7,0.8),(294,27,8,4.3),(295,27,10,1.1),(296,27,11,3.1),(297,27,12,4.55),(298,28,1,3.6),(299,28,2,4.2),(300,28,3,4.8),(301,28,4,3.1),(302,28,5,1.4),(303,28,6,3.8),(304,28,7,1.78),(305,28,8,4.7),(306,28,10,3.8),(307,28,11,3),(308,28,12,2.1),(309,29,1,4.6),(310,29,2,0.2),(311,29,3,1.9),(312,29,4,0.4),(313,29,5,0.2),(314,29,6,3.7),(315,29,7,1.95),(316,29,8,3.2),(317,29,10,0.4),(318,29,11,2.7),(319,29,12,4.6),(320,30,1,3.4),(321,30,2,4.3),(322,30,3,1.7),(323,30,4,4.9),(324,30,5,0.8),(325,30,6,4.3),(326,30,7,0.8),(327,30,8,3.1),(328,30,10,0.4),(329,30,11,3.2),(330,30,12,0.9),(331,31,1,2.8),(332,31,2,4.4),(333,31,3,3.8),(334,31,4,3.3),(335,31,5,1.7),(336,31,6,3.3),(337,31,7,2.4),(338,31,8,4.5),(339,31,10,4.65),(340,31,11,4.2),(341,31,12,1.4),(342,32,1,1.2),(343,32,2,1.5),(344,32,3,0.4),(345,32,4,0.2),(346,32,5,0.2),(347,32,6,2.8),(348,32,7,0.4),(349,32,8,2.1),(350,32,10,0.4),(351,32,11,4),(352,32,12,4.2),(353,33,1,3.2),(354,33,2,3.9),(355,33,3,0.5),(356,33,4,0.9),(357,33,5,0.2),(358,33,6,4.1),(359,33,7,0.2),(360,33,8,2.15),(361,33,10,0.4),(362,33,11,3.7),(363,33,12,4.4),(364,34,1,3.7),(365,34,2,3.9),(366,34,3,0.5),(367,34,4,1),(368,34,5,0.2),(369,34,6,4.2),(370,34,7,0.2),(371,34,8,1.9),(372,34,10,0.4),(373,34,11,3.9),(374,34,12,4.7),(375,35,1,3.1),(376,35,2,3.1),(377,35,3,0.5),(378,35,4,0.7),(379,35,5,0.2),(380,35,6,3.5),(381,35,7,0.1),(382,35,8,1.8),(383,35,10,0.4),(384,35,11,4.3),(385,35,12,4.35),(386,36,1,4.7),(387,36,2,2.3),(388,36,3,0.7),(389,36,4,0.9),(390,36,5,0.2),(391,36,6,3.9),(392,36,7,0.2),(393,36,8,3.9),(394,36,10,0.4),(395,36,11,2.4),(396,36,12,2.4),(397,37,1,2.7),(398,37,2,3),(399,37,3,2.8),(400,37,4,0.6),(401,37,5,0.2),(402,37,6,3.5),(403,37,7,0.7),(404,37,8,3.3),(405,37,10,0.4),(406,37,11,0.1),(407,37,12,0.4),(408,38,1,4.8),(409,38,2,4.9),(410,38,3,3.8),(411,38,4,3.9),(412,38,5,0.8),(413,38,6,4.9),(414,38,7,3.1),(415,38,8,4.1),(416,38,10,0.2),(417,38,11,0.2),(418,38,12,2.4),(419,39,1,4.6),(420,39,2,4.9),(421,39,3,3.7),(422,39,4,3.4),(423,39,5,0.2),(424,39,6,4.9),(425,39,7,3.4),(426,39,8,4.2),(427,39,10,0.7),(428,39,11,0.2),(429,39,12,1.2),(430,40,1,4.4),(431,40,2,4.7),(432,40,3,3.6),(433,40,4,3.8),(434,40,5,0.2),(435,40,6,4.8),(436,40,7,1.4),(437,40,8,4),(438,40,10,0.6),(439,40,11,0.2),(440,40,12,2.1),(441,41,1,3.7),(442,41,2,4.1),(443,41,3,1.6),(444,41,4,4.9),(445,41,5,0.2),(446,41,6,4.1),(447,41,7,0.4),(448,41,8,3.6),(449,41,10,1.9),(450,41,11,3.3),(451,41,12,1.4),(452,42,1,2.8),(453,42,2,4.1),(454,42,3,1.1),(455,42,4,2.1),(456,42,5,1.1),(457,42,6,3.9),(458,42,7,0.8),(459,42,8,4.15),(460,42,10,4.8),(461,42,11,2.1),(462,42,12,3.34),(463,43,1,1.4),(464,43,2,2.3),(465,43,3,1.2),(466,43,4,0.4),(467,43,5,0.5),(468,43,6,3.7),(469,43,7,0.5),(470,43,8,4.35),(471,43,10,4.85),(472,43,11,4.2),(473,43,12,4.99);
/*!40000 ALTER TABLE `themeweight` ENABLE KEYS */;
UNLOCK TABLES;
/*!40103 SET TIME_ZONE=@OLD_TIME_ZONE */;

/*!40101 SET SQL_MODE=@OLD_SQL_MODE */;
/*!40014 SET FOREIGN_KEY_CHECKS=@OLD_FOREIGN_KEY_CHECKS */;
/*!40014 SET UNIQUE_CHECKS=@OLD_UNIQUE_CHECKS */;
/*!40101 SET CHARACTER_SET_CLIENT=@OLD_CHARACTER_SET_CLIENT */;
/*!40101 SET CHARACTER_SET_RESULTS=@OLD_CHARACTER_SET_RESULTS */;
/*!40101 SET COLLATION_CONNECTION=@OLD_COLLATION_CONNECTION */;
/*!40111 SET SQL_NOTES=@OLD_SQL_NOTES */;

-- Dump completed on 2014-05-21 22:27:43
